08:59:57,-,-,0,20.9400_20.9500_20.9600_20.9700_20.9800_,27_244_90_89_91_,20.9300_20.9200_20.9100_20.9000_20.8900_,300_152_379_322_228_
09:00:54,-,-,3837,21.0100_21.0200_21.0300_21.0400_21.0500_,43_51_55_35_96_,20.9900_20.9800_20.9700_20.9600_20.9500_,419_157_68_57_80_
09:01:59,21.0900,11,5276,21.0900_21.1000_21.1100_21.1200_21.1300_,74_382_21_1271_7_,21.0700_21.0500_21.0400_21.0300_21.0200_,36_193_22_7_424_
09:01:59,21.0900,11,5276,21.0900_21.1000_21.1100_21.1200_21.1300_,74_382_21_1271_7_,21.0700_21.0500_21.0400_21.0300_21.0200_,36_193_22_7_424_
09:03:54,21.1400,1,8818,21.1400_21.1500_21.1600_21.1700_21.1800_,103_610_35_78_109_,21.1300_21.1200_21.1100_21.1000_21.0900_,84_480_891_758_406_
09:04:54,-,-,10931,21.0700_21.0800_21.0900_21.1000_21.1100_,16_216_73_538_918_,21.0600_21.0500_21.0400_21.0300_21.0200_,2_2_78_465_472_
09:04:54,-,-,10931,21.0700_21.0800_21.0900_21.1000_21.1100_,16_216_73_538_918_,21.0600_21.0500_21.0400_21.0300_21.0200_,2_2_78_465_472_
09:06:54,-,-,13142,21.0400_21.0500_21.0600_21.0700_21.0800_,67_60_1290_85_684_,21.0300_21.0200_21.0100_21.0000_20.9900_,684_735_1114_1621_827_
09:07:59,-,-,14282,21.0700_21.0800_21.0900_21.1000_21.1100_,56_445_40_1891_178_,21.0600_21.0500_21.0400_21.0300_21.0200_,995_985_1162_717_895_
09:07:59,-,-,14282,21.0700_21.0800_21.0900_21.1000_21.1100_,56_445_40_1891_178_,21.0600_21.0500_21.0400_21.0300_21.0200_,995_985_1162_717_895_
09:09:54,21.1300,1,17420,21.1400_21.1500_21.1600_21.1700_21.1800_,256_1069_179_933_695_,21.1300_21.1200_21.1100_21.1000_21.0900_,1_696_1642_2101_2154_
09:10:54,-,-,19719,21.1700_21.1800_21.1900_21.2000_21.2100_,115_186_239_1104_595_,21.1600_21.1500_21.1400_21.1300_21.1200_,82_589_572_1267_1238_
09:10:54,-,-,19719,21.1700_21.1800_21.1900_21.2000_21.2100_,115_186_239_1104_595_,21.1600_21.1500_21.1400_21.1300_21.1200_,82_589_572_1267_1238_
09:12:54,-,-,25437,21.2300_21.2400_21.2500_21.2600_21.2700_,94_467_1506_174_73_,21.2200_21.2100_21.2000_21.1900_21.1800_,406_578_1087_698_223_
09:12:54,-,-,25437,21.2300_21.2400_21.2500_21.2600_21.2700_,94_467_1506_174_73_,21.2200_21.2100_21.2000_21.1900_21.1800_,406_578_1087_698_223_
09:14:54,21.2900,4,29408,21.2900_21.3000_21.3100_21.3200_21.3300_,96_2068_894_398_204_,21.2800_21.2700_21.2600_21.2500_21.2400_,75_624_330_1629_181_
09:15:54,-,-,30601,21.2700_21.2800_21.2900_21.3000_21.3100_,60_592_749_2380_439_,21.2600_21.2500_21.2400_21.2300_21.2200_,240_82_552_642_728_
09:16:54,-,-,32315,21.3000_21.3100_21.3200_21.3300_21.3400_,2001_964_719_683_532_,21.2900_21.2800_21.2700_21.2600_21.2500_,420_126_199_826_1148_
09:16:54,-,-,32315,21.3000_21.3100_21.3200_21.3300_21.3400_,2001_964_719_683_532_,21.2900_21.2800_21.2700_21.2600_21.2500_,420_126_199_826_1148_
09:18:54,-,-,36527,21.1900_21.2000_21.2100_21.2200_21.2300_,271_49_227_1533_578_,21.1800_21.1700_21.1600_21.1500_21.1400_,696_125_884_1081_1442_
09:19:59,21.1200,1,38873,21.1300_21.1400_21.1500_21.1600_21.1700_,244_150_1052_902_813_,21.1200_21.1100_21.1000_21.0900_21.0800_,344_70_1351_896_1143_
09:20:54,-,-,39634,21.1100_21.1200_21.1300_21.1400_21.1500_,34_1396_507_607_528_,21.1000_21.0900_21.0800_21.0700_21.0600_,139_374_146_890_1313_
09:19:59,21.1200,1,38873,21.1300_21.1400_21.1500_21.1600_21.1700_,244_150_1052_902_813_,21.1200_21.1100_21.1000_21.0900_21.0800_,344_70_1351_896_1143_
09:22:54,-,-,43400,21.1800_21.1900_21.2000_21.2100_21.2200_,1_107_659_1087_588_,21.1700_21.1600_21.1500_21.1400_21.1300_,227_227_730_936_1028_
09:22:54,-,-,43400,21.1800_21.1900_21.2000_21.2100_21.2200_,1_107_659_1087_588_,21.1700_21.1600_21.1500_21.1400_21.1300_,227_227_730_936_1028_
09:24:59,-,-,45247,21.2100_21.2200_21.2300_21.2400_21.2500_,1079_576_1026_925_647_,21.2000_21.1900_21.1800_21.1700_21.1600_,123_337_838_302_223_
09:24:59,-,-,45247,21.2100_21.2200_21.2300_21.2400_21.2500_,1079_576_1026_925_647_,21.2000_21.1900_21.1800_21.1700_21.1600_,123_337_838_302_223_
09:26:54,-,-,46715,21.1900_21.2000_21.2100_21.2200_21.2300_,46_1818_703_912_537_,21.1800_21.1700_21.1600_21.1500_21.1400_,95_158_935_1040_1018_
09:26:54,-,-,46715,21.1900_21.2000_21.2100_21.2200_21.2300_,46_1818_703_912_537_,21.1800_21.1700_21.1600_21.1500_21.1400_,95_158_935_1040_1018_
09:27:59,-,-,47820,21.2200_21.2300_21.2400_21.2500_21.2600_,118_1466_269_793_920_,21.2100_21.2000_21.1900_21.1800_21.1700_,350_131_607_1262_1122_
09:29:59,-,-,49627,21.2200_21.2300_21.2400_21.2500_21.2600_,242_601_1042_1707_583_,21.2100_21.2000_21.1900_21.1800_21.1700_,20_702_84_747_1168_
09:30:54,-,-,50450,21.2500_21.2600_21.2700_21.2800_21.2900_,365_195_159_885_1933_,21.2400_21.2300_21.2200_21.2100_21.2000_,269_40_1125_1524_1470_
09:31:54,-,-,53430,21.2600_21.2700_21.2800_21.2900_21.3000_,93_42_420_686_3845_,21.2500_21.2400_21.2300_21.2200_21.2100_,323_1174_1002_1103_368_
09:32:49,-,-,54494,21.2800_21.2900_21.3000_21.3100_21.3200_,5_769_3490_1008_1514_,21.2700_21.2600_21.2500_21.2400_21.2300_,277_734_1118_1025_611_
09:33:54,-,-,57381,21.2900_21.3000_21.3100_21.3200_21.3300_,575_3576_785_1247_1548_,21.2800_21.2700_21.2600_21.2500_21.2400_,1303_221_1280_1993_1179_
09:34:54,-,-,58682,21.3000_21.3100_21.3200_21.3300_21.3400_,3390_684_884_371_286_,21.2900_21.2800_21.2700_21.2600_21.2500_,504_811_2125_1770_1051_
09:35:59,21.3000,2,59893,21.3000_21.3100_21.3200_21.3300_21.3400_,3078_620_1738_1182_1442_,21.2900_21.2800_21.2700_21.2600_21.2500_,1721_824_789_1550_1452_
09:36:59,-,-,61414,21.2700_21.2800_21.2900_21.3000_21.3100_,27_242_329_4046_1166_,21.2600_21.2500_21.2400_21.2300_21.2200_,624_764_778_1095_1272_
09:35:59,21.3000,2,59893,21.3000_21.3100_21.3200_21.3300_21.3400_,3078_620_1738_1182_1442_,21.2900_21.2800_21.2700_21.2600_21.2500_,1721_824_789_1550_1452_
09:38:59,-,-,63714,21.2500_21.2600_21.2700_21.2800_21.2900_,116_92_1567_878_1080_,21.2300_21.2200_21.2100_21.2000_21.1900_,104_1184_778_1623_951_
09:38:59,-,-,63714,21.2500_21.2600_21.2700_21.2800_21.2900_,116_92_1567_878_1080_,21.2300_21.2200_21.2100_21.2000_21.1900_,104_1184_778_1623_951_
09:40:59,-,-,65071,21.2900_21.3000_21.3100_21.3200_21.3300_,492_3733_762_711_757_,21.2800_21.2700_21.2600_21.2500_21.2400_,1211_1633_1489_1091_1211_
09:39:59,-,-,64335,21.2700_21.2800_21.2900_21.3000_21.3100_,73_252_2039_4967_1542_,21.2600_21.2500_21.2400_21.2300_21.2200_,248_114_417_662_1898_
09:41:59,-,-,70435,21.3200_21.3300_21.3400_21.3500_21.3600_,526_436_521_1972_1794_,21.3100_21.3000_21.2900_21.2800_21.2700_,349_1415_1708_1359_1839_
09:43:59,-,-,73883,21.3100_21.3200_21.3300_21.3400_21.3500_,289_173_997_635_3204_,21.3000_21.2900_21.2800_21.2700_21.2600_,402_1263_1546_2451_749_
09:44:54,-,-,75366,21.2900_21.3000_21.3100_21.3200_21.3300_,246_180_262_401_1809_,21.2800_21.2700_21.2600_21.2500_21.2400_,834_815_1373_1005_1646_
09:44:54,-,-,75366,21.2900_21.3000_21.3100_21.3200_21.3300_,246_180_262_401_1809_,21.2800_21.2700_21.2600_21.2500_21.2400_,834_815_1373_1005_1646_
09:46:54,-,-,76843,21.3200_21.3300_21.3400_21.3500_21.3600_,1431_943_475_2057_1657_,21.3100_21.3000_21.2900_21.2800_21.2700_,73_855_1183_1542_789_
09:46:54,-,-,76843,21.3200_21.3300_21.3400_21.3500_21.3600_,1431_943_475_2057_1657_,21.3100_21.3000_21.2900_21.2800_21.2700_,73_855_1183_1542_789_
09:48:59,21.3200,4,78739,21.3200_21.3300_21.3400_21.3500_21.3600_,1018_840_448_2046_448_,21.3100_21.3000_21.2900_21.2800_21.2700_,777_1804_1864_773_993_
09:48:59,21.3200,4,78739,21.3200_21.3300_21.3400_21.3500_21.3600_,1018_840_448_2046_448_,21.3100_21.3000_21.2900_21.2800_21.2700_,777_1804_1864_773_993_
09:50:54,-,-,80701,21.2800_21.2900_21.3000_21.3100_21.3200_,104_612_158_237_1326_,21.2700_21.2600_21.2500_21.2400_21.2300_,1060_943_1853_1082_651_
09:51:59,-,-,81243,21.2800_21.2900_21.3000_21.3100_21.3200_,51_687_298_354_1251_,21.2700_21.2600_21.2500_21.2400_21.2300_,667_1096_1650_1131_1024_
09:51:59,-,-,81243,21.2800_21.2900_21.3000_21.3100_21.3200_,51_687_298_354_1251_,21.2700_21.2600_21.2500_21.2400_21.2300_,667_1096_1650_1131_1024_
09:52:59,-,-,82456,21.3000_21.3100_21.3200_21.3300_21.3400_,120_313_850_1560_1270_,21.2800_21.2700_21.2600_21.2500_21.2400_,113_1718_1255_1659_1359_
09:54:59,-,-,83050,21.2900_21.3000_21.3100_21.3200_21.3300_,2_521_1088_1515_1908_,21.2800_21.2700_21.2600_21.2500_21.2400_,245_841_1041_1287_1547_
09:55:54,21.2800,1,83646,21.2800_21.2900_21.3000_21.3100_21.3200_,55_547_1136_1422_1685_,21.2700_21.2600_21.2500_21.2400_21.2300_,926_168_1418_1433_796_
09:56:54,-,-,83985,21.2900_21.3000_21.3100_21.3200_21.3300_,114_578_409_1470_2348_,21.2800_21.2700_21.2600_21.2500_21.2400_,307_1477_966_1863_1414_
09:57:54,-,-,84238,21.2900_21.3000_21.3100_21.3200_21.3300_,175_608_772_1056_2182_,21.2800_21.2700_21.2600_21.2500_21.2400_,44_1268_968_1544_1510_
09:58:54,21.2800,4,84405,21.2900_21.3000_21.3100_21.3200_21.3300_,225_732_864_1512_1810_,21.2800_21.2700_21.2600_21.2500_21.2400_,259_1174_1183_1241_1832_
09:59:53,-,-,84648,21.2900_21.3000_21.3100_21.3200_21.3300_,268_920_958_1835_1850_,21.2800_21.2700_21.2600_21.2500_21.2400_,261_1188_1124_1320_1730_
10:00:54,21.2900,1,84952,21.2900_21.3000_21.3100_21.3200_21.3300_,205_1009_548_1294_2614_,21.2800_21.2700_21.2600_21.2500_21.2400_,351_1598_1227_1650_1340_
10:00:54,21.2900,1,84952,21.2900_21.3000_21.3100_21.3200_21.3300_,205_1009_548_1294_2614_,21.2800_21.2700_21.2600_21.2500_21.2400_,351_1598_1227_1650_1340_
10:02:54,-,-,85672,21.2900_21.3000_21.3100_21.3200_21.3300_,551_1136_917_2050_2421_,21.2800_21.2700_21.2600_21.2500_21.2400_,44_1232_390_1731_1500_
10:02:54,-,-,85672,21.2900_21.3000_21.3100_21.3200_21.3300_,551_1136_917_2050_2421_,21.2800_21.2700_21.2600_21.2500_21.2400_,44_1232_390_1731_1500_
10:04:54,21.2700,100,86783,21.2800_21.2900_21.3000_21.3100_21.3200_,671_467_1731_1567_1383_,21.2700_21.2600_21.2500_21.2400_21.2300_,441_264_1352_1490_826_
10:05:59,21.2500,2,88387,21.2500_21.2600_21.2700_21.2800_21.2900_,37_840_1484_1273_497_,21.2400_21.2300_21.2200_21.2100_21.2000_,375_122_363_999_1679_
10:05:59,21.2500,2,88387,21.2500_21.2600_21.2700_21.2800_21.2900_,37_840_1484_1273_497_,21.2400_21.2300_21.2200_21.2100_21.2000_,375_122_363_999_1679_
10:06:54,-,-,89305,21.2300_21.2400_21.2500_21.2600_21.2700_,499_1204_629_242_334_,21.2200_21.2100_21.2000_21.1900_21.1800_,191_348_1177_795_882_
10:08:54,21.1900,1,91818,21.2000_21.2100_21.2200_21.2300_21.2400_,9_128_484_146_513_,21.1900_21.1800_21.1700_21.1600_21.1500_,57_529_1413_1621_1125_
10:08:54,21.1900,1,91818,21.2000_21.2100_21.2200_21.2300_21.2400_,9_128_484_146_513_,21.1900_21.1800_21.1700_21.1600_21.1500_,57_529_1413_1621_1125_
10:10:54,-,-,92752,21.1800_21.1900_21.2000_21.2100_21.2200_,488_897_994_625_845_,21.1700_21.1600_21.1500_21.1400_21.1300_,133_102_734_658_1849_
10:11:59,-,-,94919,21.1700_21.1800_21.1900_21.2000_21.2100_,27_37_466_1295_623_,21.1600_21.1500_21.1400_21.1300_21.1200_,367_672_1065_1057_1292_
10:11:59,-,-,94919,21.1700_21.1800_21.1900_21.2000_21.2100_,27_37_466_1295_623_,21.1600_21.1500_21.1400_21.1300_21.1200_,367_672_1065_1057_1292_
10:13:59,21.1900,1,95974,21.1900_21.2000_21.2100_21.2200_21.2300_,528_739_1003_1099_534_,21.1800_21.1700_21.1600_21.1500_21.1400_,240_261_386_454_1536_
10:13:59,21.1900,1,95974,21.1900_21.2000_21.2100_21.2200_21.2300_,528_739_1003_1099_534_,21.1800_21.1700_21.1600_21.1500_21.1400_,240_261_386_454_1536_
10:14:49,-,-,96115,21.1900_21.2000_21.2100_21.2200_21.2300_,109_630_916_1619_584_,21.1800_21.1700_21.1600_21.1500_21.1400_,213_282_394_820_1298_
10:16:54,-,-,96803,21.1700_21.1800_21.1900_21.2000_21.2100_,87_490_541_1237_937_,21.1600_21.1500_21.1400_21.1300_21.1200_,105_197_385_1653_1269_
10:17:29,-,-,96993,21.1600_21.1700_21.1800_21.1900_21.2000_,189_82_890_682_1470_,21.1500_21.1400_21.1300_21.1200_21.1100_,166_144_1301_1708_1755_
10:18:34,-,-,97860,21.1500_21.1600_21.1700_21.1800_21.1900_,11_273_91_1229_1039_,21.1400_21.1300_21.1200_21.1100_21.1000_,120_723_1165_2126_1855_
10:18:34,-,-,97860,21.1500_21.1600_21.1700_21.1800_21.1900_,11_273_91_1229_1039_,21.1400_21.1300_21.1200_21.1100_21.1000_,120_723_1165_2126_1855_
10:20:54,-,-,99380,21.1100_21.1200_21.1300_21.1400_21.1500_,3_339_508_646_708_,21.1000_21.0900_21.0800_21.0700_21.0600_,1530_773_1331_1351_1667_
10:20:54,-,-,99380,21.1100_21.1200_21.1300_21.1400_21.1500_,3_339_508_646_708_,21.1000_21.0900_21.0800_21.0700_21.0600_,1530_773_1331_1351_1667_
10:22:54,-,-,101989,21.0600_21.0700_21.0800_21.0900_21.1000_,55_650_1138_1127_1031_,21.0500_21.0400_21.0300_21.0200_21.0100_,205_37_408_421_1880_
10:22:54,-,-,101989,21.0600_21.0700_21.0800_21.0900_21.1000_,55_650_1138_1127_1031_,21.0500_21.0400_21.0300_21.0200_21.0100_,205_37_408_421_1880_
10:24:54,-,-,104168,21.0500_21.0600_21.0700_21.0800_21.0900_,23_25_599_1096_1086_,21.0400_21.0300_21.0200_21.0100_21.0000_,35_397_221_2148_2565_
10:25:49,-,-,106254,21.0000_21.0100_21.0200_21.0300_21.0400_,355_27_572_1095_1121_,20.9900_20.9800_20.9700_20.9600_20.9500_,135_437_657_2047_1986_
10:26:49,-,-,107465,21.0000_21.0100_21.0200_21.0300_21.0400_,112_177_81_627_992_,20.9900_20.9800_20.9700_20.9600_20.9500_,222_334_1689_1748_1821_
10:27:54,-,-,108636,21.0300_21.0400_21.0500_21.0600_21.0700_,22_11_109_616_1365_,21.0200_21.0100_21.0000_20.9900_20.9800_,151_374_1152_1656_1482_
10:28:54,21.0000,8,109153,21.0100_21.0200_21.0300_21.0400_21.0500_,7_61_962_1247_1357_,21.0000_20.9900_20.9800_20.9700_20.9600_,204_312_1098_1688_1635_
10:29:54,-,-,109769,21.0000_21.0100_21.0200_21.0300_21.0400_,125_69_622_1403_1192_,20.9900_20.9800_20.9700_20.9600_20.9500_,287_329_260_1590_2369_
10:30:54,-,-,110397,21.0000_21.0100_21.0200_21.0300_21.0400_,412_96_1059_1163_1066_,20.9900_20.9800_20.9700_20.9600_20.9500_,80_307_676_1994_1933_
10:30:54,-,-,110397,21.0000_21.0100_21.0200_21.0300_21.0400_,412_96_1059_1163_1066_,20.9900_20.9800_20.9700_20.9600_20.9500_,80_307_676_1994_1933_
10:32:54,-,-,112251,21.0200_21.0300_21.0400_21.0500_21.0600_,168_453_586_1611_564_,21.0100_21.0000_20.9900_20.9800_20.9700_,6_79_412_897_1956_
10:33:59,-,-,112548,21.0200_21.0300_21.0400_21.0500_21.0600_,535_1237_1179_690_269_,21.0100_21.0000_20.9900_20.9800_20.9700_,20_322_349_586_859_
10:34:54,-,-,113444,21.0100_21.0200_21.0300_21.0400_21.0500_,107_158_990_1101_326_,21.0000_20.9900_20.9800_20.9700_20.9600_,101_131_353_478_1340_
10:34:54,-,-,113444,21.0100_21.0200_21.0300_21.0400_21.0500_,107_158_990_1101_326_,21.0000_20.9900_20.9800_20.9700_20.9600_,101_131_353_478_1340_
10:36:54,-,-,114881,21.0200_21.0300_21.0400_21.0500_21.0600_,151_531_596_996_535_,21.0100_21.0000_20.9900_20.9800_20.9700_,72_217_330_908_1695_
10:37:54,-,-,116828,20.9600_20.9700_20.9800_20.9900_21.0000_,4_27_696_568_514_,20.9500_20.9400_20.9300_20.9200_20.9100_,435_62_801_781_1829_
10:38:54,-,-,117740,20.9400_20.9500_20.9600_20.9700_20.9800_,107_122_701_557_906_,20.9300_20.9200_20.9100_20.9000_20.8900_,4_105_190_1475_755_
10:39:54,-,-,118474,20.9700_20.9800_20.9900_21.0000_21.0100_,103_914_687_315_583_,20.9600_20.9500_20.9400_20.9300_20.9200_,9_23_148_588_1026_
10:40:49,-,-,118920,20.9500_20.9600_20.9700_20.9800_20.9900_,40_74_578_642_1019_,20.9400_20.9300_20.9200_20.9100_20.9000_,94_235_732_1208_2711_
10:41:59,-,-,119783,20.9600_20.9700_20.9800_20.9900_21.0000_,14_4_56_115_716_,20.9500_20.9400_20.9300_20.9200_20.9100_,6_527_1652_1787_996_
10:42:54,-,-,120064,20.9900_21.0000_21.0100_21.0200_21.0300_,4_381_620_866_971_,20.9800_20.9700_20.9600_20.9500_20.9400_,5_2_105_486_1647_
10:42:54,-,-,120064,20.9900_21.0000_21.0100_21.0200_21.0300_,4_381_620_866_971_,20.9800_20.9700_20.9600_20.9500_20.9400_,5_2_105_486_1647_
10:44:54,21.0000,2,120924,21.0100_21.0200_21.0300_21.0400_21.0500_,459_668_1116_615_729_,21.0000_20.9900_20.9800_20.9700_20.9600_,129_342_10_193_241_
10:44:54,21.0000,2,120924,21.0100_21.0200_21.0300_21.0400_21.0500_,459_668_1116_615_729_,21.0000_20.9900_20.9800_20.9700_20.9600_,129_342_10_193_241_
10:46:54,21.0100,25,121895,21.0200_21.0300_21.0400_21.0500_21.0600_,155_89_67_745_755_,21.0100_21.0000_20.9900_20.9800_20.9700_,312_232_785_1465_1423_
10:47:59,-,-,122202,21.0300_21.0400_21.0500_21.0600_21.0700_,36_329_1025_1339_719_,21.0200_21.0100_21.0000_20.9900_20.9800_,76_150_425_791_1128_
10:48:54,-,-,122529,21.0500_21.0600_21.0700_21.0800_21.0900_,529_780_1249_497_1074_,21.0400_21.0300_21.0200_21.0100_21.0000_,1_95_337_209_989_
10:48:54,-,-,122529,21.0500_21.0600_21.0700_21.0800_21.0900_,529_780_1249_497_1074_,21.0400_21.0300_21.0200_21.0100_21.0000_,1_95_337_209_989_
10:50:54,-,-,123083,21.0600_21.0700_21.0800_21.0900_21.1000_,75_362_449_859_1477_,21.0500_21.0400_21.0300_21.0200_21.0100_,9_588_280_1525_1580_
10:51:54,-,-,123284,21.0600_21.0700_21.0800_21.0900_21.1000_,13_361_454_868_1486_,21.0500_21.0400_21.0300_21.0200_21.0100_,357_355_793_2169_1462_
10:52:54,-,-,124008,21.0600_21.0700_21.0800_21.0900_21.1000_,246_157_884_1338_1055_,21.0500_21.0400_21.0300_21.0200_21.0100_,434_146_263_992_1582_
10:52:54,-,-,124008,21.0600_21.0700_21.0800_21.0900_21.1000_,246_157_884_1338_1055_,21.0500_21.0400_21.0300_21.0200_21.0100_,434_146_263_992_1582_
10:54:53,21.0700,2,124538,21.0700_21.0800_21.0900_21.1000_21.1100_,124_733_1019_1444_595_,21.0600_21.0500_21.0400_21.0300_21.0200_,246_320_1211_390_1003_
10:54:53,21.0700,2,124538,21.0700_21.0800_21.0900_21.1000_21.1100_,124_733_1019_1444_595_,21.0600_21.0500_21.0400_21.0300_21.0200_,246_320_1211_390_1003_
10:56:54,21.0400,1,125414,21.0400_21.0500_21.0600_21.0700_21.0800_,65_87_257_690_1247_,21.0300_21.0200_21.0100_21.0000_20.9900_,1135_315_943_1523_1943_
10:56:54,21.0400,1,125414,21.0400_21.0500_21.0600_21.0700_21.0800_,65_87_257_690_1247_,21.0300_21.0200_21.0100_21.0000_20.9900_,1135_315_943_1523_1943_
10:58:54,-,-,126132,21.0200_21.0300_21.0400_21.0500_21.0600_,59_525_1005_768_566_,21.0100_21.0000_20.9900_20.9800_20.9700_,3_384_244_775_946_
10:58:54,-,-,126132,21.0200_21.0300_21.0400_21.0500_21.0600_,59_525_1005_768_566_,21.0100_21.0000_20.9900_20.9800_20.9700_,3_384_244_775_946_
11:00:49,-,-,126715,21.0300_21.0400_21.0500_21.0600_21.0700_,78_112_620_648_812_,21.0200_21.0100_21.0000_20.9900_20.9800_,777_98_1274_910_1602_
11:01:58,-,-,126901,21.0200_21.0300_21.0400_21.0500_21.0600_,60_93_267_739_1017_,21.0100_21.0000_20.9900_20.9800_20.9700_,1058_624_685_1593_1913_
11:02:54,-,-,127099,21.0200_21.0300_21.0400_21.0500_21.0600_,74_90_268_804_688_,21.0100_21.0000_20.9900_20.9800_20.9700_,958_567_920_1162_2227_
11:01:58,-,-,126901,21.0200_21.0300_21.0400_21.0500_21.0600_,60_93_267_739_1017_,21.0100_21.0000_20.9900_20.9800_20.9700_,1058_624_685_1593_1913_
11:04:49,-,-,128267,21.0500_21.0600_21.0700_21.0800_21.0900_,165_572_658_1455_957_,21.0400_21.0300_21.0200_21.0100_21.0000_,785_15_58_255_1076_
11:04:49,-,-,128267,21.0500_21.0600_21.0700_21.0800_21.0900_,165_572_658_1455_957_,21.0400_21.0300_21.0200_21.0100_21.0000_,785_15_58_255_1076_
11:06:54,21.0500,1,128628,21.0600_21.0700_21.0800_21.0900_21.1000_,13_53_372_1108_1415_,21.0500_21.0400_21.0300_21.0200_21.0100_,1245_234_171_900_1521_
11:06:54,21.0500,1,128628,21.0600_21.0700_21.0800_21.0900_21.1000_,13_53_372_1108_1415_,21.0500_21.0400_21.0300_21.0200_21.0100_,1245_234_171_900_1521_
11:08:59,21.0800,100,129460,21.0900_21.1000_21.1100_21.1200_21.1300_,107_460_196_637_1449_,21.0800_21.0700_21.0600_21.0500_21.0400_,935_226_511_695_1349_
11:09:54,-,-,129690,21.1000_21.1100_21.1200_21.1300_21.1400_,239_124_405_423_1618_,21.0900_21.0800_21.0700_21.0600_21.0500_,1236_258_607_847_1499_
11:10:54,-,-,130145,21.1100_21.1200_21.1300_21.1400_21.1500_,71_355_804_1287_1192_,21.1000_21.0900_21.0800_21.0700_21.0600_,1132_275_234_706_1120_
11:11:54,-,-,130541,21.1100_21.1200_21.1300_21.1400_21.1500_,58_364_804_879_1189_,21.1000_21.0900_21.0800_21.0700_21.0600_,1419_242_687_705_1495_
11:12:54,-,-,131052,21.1100_21.1200_21.1300_21.1400_21.1500_,33_609_870_1294_1208_,21.1000_21.0900_21.0800_21.0700_21.0600_,1325_218_284_696_1261_
11:12:54,-,-,131052,21.1100_21.1200_21.1300_21.1400_21.1500_,33_609_870_1294_1208_,21.1000_21.0900_21.0800_21.0700_21.0600_,1325_218_284_696_1261_
11:14:54,-,-,131690,21.1400_21.1500_21.1600_21.1700_21.1800_,165_278_1058_1094_1006_,21.1200_21.1100_21.1000_21.0900_21.0800_,813_82_935_783_1586_
11:15:59,-,-,131918,21.1500_21.1600_21.1700_21.1800_21.1900_,112_303_1007_1517_1244_,21.1400_21.1300_21.1200_21.1100_21.1000_,1138_108_11_94_1346_
11:16:54,-,-,132283,21.1600_21.1700_21.1800_21.1900_21.2000_,1125_1379_1078_479_742_,21.1500_21.1400_21.1300_21.1200_21.1100_,29_1089_194_23_89_
11:15:59,-,-,131918,21.1500_21.1600_21.1700_21.1800_21.1900_,112_303_1007_1517_1244_,21.1400_21.1300_21.1200_21.1100_21.1000_,1138_108_11_94_1346_
11:18:54,21.1200,1,132972,21.1200_21.1300_21.1400_21.1500_21.1600_,364_530_1003_768_1267_,21.1100_21.1000_21.0900_21.0800_21.0700_,887_400_213_154_360_
11:18:54,21.1200,1,132972,21.1200_21.1300_21.1400_21.1500_21.1600_,364_530_1003_768_1267_,21.1100_21.1000_21.0900_21.0800_21.0700_,887_400_213_154_360_
11:20:54,-,-,133772,21.1400_21.1500_21.1600_21.1700_21.1800_,41_656_1719_718_1717_,21.1300_21.1200_21.1100_21.1000_21.0900_,787_65_29_418_424_
11:20:54,-,-,133772,21.1400_21.1500_21.1600_21.1700_21.1800_,41_656_1719_718_1717_,21.1300_21.1200_21.1100_21.1000_21.0900_,787_65_29_418_424_
11:22:54,-,-,134364,21.1600_21.1700_21.1800_21.1900_21.2000_,815_156_1952_1151_1267_,21.1500_21.1400_21.1300_21.1200_21.1100_,595_11_10_438_752_
11:23:59,-,-,135369,21.1700_21.1800_21.1900_21.2000_21.2100_,149_645_1120_2348_347_,21.1600_21.1500_21.1400_21.1300_21.1200_,66_11_16_26_223_
11:23:59,-,-,135369,21.1700_21.1800_21.1900_21.2000_21.2100_,149_645_1120_2348_347_,21.1600_21.1500_21.1400_21.1300_21.1200_,66_11_16_26_223_
11:25:59,-,-,135613,21.1600_21.1700_21.1800_21.1900_21.2000_,47_120_702_1452_1840_,21.1500_21.1400_21.1300_21.1200_21.1100_,66_1190_236_249_908_
11:25:59,-,-,135613,21.1600_21.1700_21.1800_21.1900_21.2000_,47_120_702_1452_1840_,21.1500_21.1400_21.1300_21.1200_21.1100_,66_1190_236_249_908_
11:27:54,-,-,135798,21.1600_21.1700_21.1800_21.1900_21.2000_,184_540_1762_1212_1081_,21.1500_21.1400_21.1300_21.1200_21.1100_,40_1155_238_200_181_
11:28:54,-,-,135907,21.1600_21.1700_21.1800_21.1900_21.2000_,359_814_1565_690_1181_,21.1500_21.1400_21.1300_21.1200_21.1100_,8_1166_238_200_181_
11:29:59,-,-,136155,21.1500_21.1600_21.1700_21.1800_21.1900_,86_718_1420_1148_698_,21.1400_21.1300_21.1200_21.1100_21.1000_,70_1153_309_131_743_
11:30:54,-,-,136342,21.1600_21.1700_21.1800_21.1900_21.2000_,330_552_1704_1217_728_,21.1500_21.1400_21.1300_21.1200_21.1100_,97_86_1159_320_584_
11:31:59,-,-,136912,21.1700_21.1800_21.1900_21.2000_21.2100_,143_652_728_1662_2214_,21.1600_21.1500_21.1400_21.1300_21.1200_,129_1223_267_140_608_
11:31:59,-,-,136912,21.1700_21.1800_21.1900_21.2000_21.2100_,143_652_728_1662_2214_,21.1600_21.1500_21.1400_21.1300_21.1200_,129_1223_267_140_608_
11:33:53,-,-,137522,21.1800_21.1900_21.2000_21.2100_21.2200_,133_578_1474_1365_1035_,21.1700_21.1600_21.1500_21.1400_21.1300_,1540_321_152_192_609_
11:34:54,-,-,140215,21.2000_21.2100_21.2200_21.2300_21.2400_,425_457_2070_796_816_,21.1900_21.1800_21.1700_21.1600_21.1500_,147_848_440_238_61_
11:35:53,-,-,140736,21.2100_21.2200_21.2300_21.2400_21.2500_,151_499_2325_710_1036_,21.2000_21.1900_21.1800_21.1700_21.1600_,9_1271_245_194_220_
11:36:54,-,-,141091,21.2200_21.2300_21.2400_21.2500_21.2600_,332_991_2267_1114_382_,21.2100_21.2000_21.1900_21.1800_21.1700_,491_370_180_265_199_
11:36:54,-,-,141091,21.2200_21.2300_21.2400_21.2500_21.2600_,332_991_2267_1114_382_,21.2100_21.2000_21.1900_21.1800_21.1700_,491_370_180_265_199_
11:37:59,-,-,142653,21.2100_21.2200_21.2300_21.2400_21.2500_,364_353_1224_1918_1097_,21.2000_21.1900_21.1800_21.1700_21.1600_,1402_312_135_203_685_
11:38:59,-,-,143056,21.2200_21.2300_21.2400_21.2500_21.2600_,591_982_2350_1112_840_,21.2100_21.2000_21.1900_21.1800_21.1700_,189_67_188_153_666_
11:39:59,-,-,143454,21.2100_21.2200_21.2300_21.2400_21.2500_,87_419_264_1528_1654_,21.2000_21.1900_21.1800_21.1700_21.1600_,1094_536_246_612_872_
11:41:59,-,-,143806,21.2200_21.2300_21.2400_21.2500_21.2600_,432_611_1484_2612_799_,21.2100_21.2000_21.1900_21.1800_21.1700_,95_1226_301_159_207_
11:42:54,-,-,143912,21.2100_21.2200_21.2300_21.2400_21.2500_,81_663_1140_1441_1921_,21.2000_21.1900_21.1800_21.1700_21.1600_,106_1311_368_307_316_
11:41:59,-,-,143806,21.2200_21.2300_21.2400_21.2500_21.2600_,432_611_1484_2612_799_,21.2100_21.2000_21.1900_21.1800_21.1700_,95_1226_301_159_207_
11:44:59,21.1800,1,144294,21.1900_21.2000_21.2100_21.2200_21.2300_,71_350_486_1056_1365_,21.1800_21.1700_21.1600_21.1500_21.1400_,1127_318_625_690_657_
11:44:59,21.1800,1,144294,21.1900_21.2000_21.2100_21.2200_21.2300_,71_350_486_1056_1365_,21.1800_21.1700_21.1600_21.1500_21.1400_,1127_318_625_690_657_
11:45:59,-,-,144680,21.1800_21.1900_21.2000_21.2100_21.2200_,282_377_906_1318_2258_,21.1700_21.1600_21.1500_21.1400_21.1300_,1224_318_177_938_615_
11:46:59,-,-,146138,21.1800_21.1900_21.2000_21.2100_21.2200_,324_57_1014_1451_1745_,21.1700_21.1600_21.1500_21.1400_21.1300_,862_277_322_89_516_
11:48:54,-,-,146856,21.1800_21.1900_21.2000_21.2100_21.2200_,352_50_1092_1385_2066_,21.1700_21.1600_21.1500_21.1400_21.1300_,11_147_119_89_621_
11:48:54,-,-,146856,21.1800_21.1900_21.2000_21.2100_21.2200_,352_50_1092_1385_2066_,21.1700_21.1600_21.1500_21.1400_21.1300_,11_147_119_89_621_
11:50:58,-,-,147386,21.1500_21.1600_21.1700_21.1800_21.1900_,27_81_96_1020_949_,21.1400_21.1300_21.1200_21.1100_21.1000_,15_919_208_1047_1017_
11:50:58,-,-,147386,21.1500_21.1600_21.1700_21.1800_21.1900_,27_81_96_1020_949_,21.1400_21.1300_21.1200_21.1100_21.1000_,15_919_208_1047_1017_
11:52:59,21.1400,1,147590,21.1400_21.1500_21.1600_21.1700_21.1800_,133_529_433_1229_886_,21.1300_21.1200_21.1100_21.1000_21.0900_,922_98_301_1024_1511_
11:53:54,-,-,147739,21.1300_21.1400_21.1500_21.1600_21.1700_,125_45_597_764_891_,21.1200_21.1100_21.1000_21.0900_21.0800_,1001_241_1002_645_1199_
11:54:59,-,-,147898,21.1300_21.1400_21.1500_21.1600_21.1700_,164_45_601_444_891_,21.1200_21.1100_21.1000_21.0900_21.0800_,961_28_1024_1095_1332_
11:54:59,-,-,147898,21.1300_21.1400_21.1500_21.1600_21.1700_,164_45_601_444_891_,21.1200_21.1100_21.1000_21.0900_21.0800_,961_28_1024_1095_1332_
11:55:59,21.1300,1,147992,21.1300_21.1400_21.1500_21.1600_21.1700_,220_44_601_444_1229_,21.1200_21.1100_21.1000_21.0900_21.0800_,931_174_1116_974_882_
11:57:58,-,-,148480,21.1400_21.1500_21.1600_21.1700_21.1800_,88_568_442_800_1116_,21.1300_21.1200_21.1100_21.1000_21.0900_,36_192_160_1552_1095_
11:58:49,-,-,148706,21.1400_21.1500_21.1600_21.1700_21.1800_,59_566_772_802_1206_,21.1300_21.1200_21.1100_21.1000_21.0900_,38_79_63_1407_765_
11:59:57,-,-,148787,21.1400_21.1500_21.1600_21.1700_21.1800_,195_564_449_727_598_,21.1300_21.1200_21.1100_21.1000_21.0900_,203_140_471_1562_767_
11:59:57,-,-,148787,21.1400_21.1500_21.1600_21.1700_21.1800_,195_564_449_727_598_,21.1300_21.1200_21.1100_21.1000_21.0900_,203_140_471_1562_767_
12:00:54,21.1300,3,148990,21.1400_21.1500_21.1600_21.1700_21.1800_,212_566_449_1136_1254_,21.1300_21.1200_21.1100_21.1000_21.0900_,210_163_172_929_1266_
12:02:54,-,-,149361,21.1300_21.1400_21.1500_21.1600_21.1700_,47_296_1053_1971_1384_,21.1200_21.1100_21.1000_21.0900_21.0800_,111_175_515_94_548_
12:03:49,-,-,149459,21.1300_21.1400_21.1500_21.1600_21.1700_,28_402_1393_847_1386_,21.1200_21.1100_21.1000_21.0900_21.0800_,165_175_516_94_1199_
12:04:57,-,-,149704,21.1300_21.1400_21.1500_21.1600_21.1700_,7_705_1068_1246_1387_,21.1200_21.1100_21.1000_21.0900_21.0800_,101_180_528_101_1104_
12:04:57,-,-,149704,21.1300_21.1400_21.1500_21.1600_21.1700_,7_705_1068_1246_1387_,21.1200_21.1100_21.1000_21.0900_21.0800_,101_180_528_101_1104_
12:06:54,21.1200,2,149897,21.1300_21.1400_21.1500_21.1600_21.1700_,1044_459_956_1429_1327_,21.1200_21.1100_21.1000_21.0900_21.0800_,36_191_538_106_570_
12:07:59,21.1200,1,149987,21.1200_21.1300_21.1400_21.1500_21.1600_,17_667_619_834_1144_,21.1100_21.1000_21.0900_21.0800_21.0700_,196_545_521_771_1703_
12:07:59,21.1200,1,149987,21.1200_21.1300_21.1400_21.1500_21.1600_,17_667_619_834_1144_,21.1100_21.1000_21.0900_21.0800_21.0700_,196_545_521_771_1703_
12:09:54,-,-,150251,21.1100_21.1200_21.1300_21.1400_21.1500_,237_234_632_507_1016_,21.1000_21.0900_21.0800_21.0700_21.0600_,655_634_1056_1472_254_
12:10:54,-,-,150773,21.1300_21.1400_21.1500_21.1600_21.1700_,551_395_416_1555_1725_,21.1100_21.1000_21.0900_21.0800_21.0700_,17_1004_1023_2110_547_
12:11:54,21.1200,7,150884,21.1300_21.1400_21.1500_21.1600_21.1700_,560_342_1045_1555_1445_,21.1200_21.1100_21.1000_21.0900_21.0800_,39_68_1041_1034_947_
12:12:54,-,-,150937,21.1300_21.1400_21.1500_21.1600_21.1700_,561_342_1179_1891_1681_,21.1200_21.1100_21.1000_21.0900_21.0800_,70_172_711_251_768_
12:12:54,-,-,150937,21.1300_21.1400_21.1500_21.1600_21.1700_,561_342_1179_1891_1681_,21.1200_21.1100_21.1000_21.0900_21.0800_,70_172_711_251_768_
12:14:52,-,-,151068,21.1300_21.1400_21.1500_21.1600_21.1700_,700_388_560_1443_1785_,21.1200_21.1100_21.1000_21.0900_21.0800_,51_285_772_1077_649_
12:14:52,-,-,151068,21.1300_21.1400_21.1500_21.1600_21.1700_,700_388_560_1443_1785_,21.1200_21.1100_21.1000_21.0900_21.0800_,51_285_772_1077_649_
12:16:54,21.1200,1,151416,21.1200_21.1300_21.1400_21.1500_21.1600_,8_527_770_1098_328_,21.1100_21.1000_21.0900_21.0800_21.0700_,761_1774_1514_301_689_
12:16:54,21.1200,1,151416,21.1200_21.1300_21.1400_21.1500_21.1600_,8_527_770_1098_328_,21.1100_21.1000_21.0900_21.0800_21.0700_,761_1774_1514_301_689_
12:18:54,21.1300,1,151968,21.1300_21.1400_21.1500_21.1600_21.1700_,398_724_1130_330_1332_,21.1200_21.1100_21.1000_21.0900_21.0800_,10_197_1692_1125_540_
12:18:54,21.1300,1,151968,21.1300_21.1400_21.1500_21.1600_21.1700_,398_724_1130_330_1332_,21.1200_21.1100_21.1000_21.0900_21.0800_,10_197_1692_1125_540_
12:20:54,21.1200,1,152049,21.1200_21.1300_21.1400_21.1500_21.1600_,51_402_875_1139_631_,21.1100_21.1000_21.0900_21.0800_21.0700_,137_1713_1092_967_643_
12:21:59,-,-,152126,21.1300_21.1400_21.1500_21.1600_21.1700_,487_804_1470_630_1004_,21.1200_21.1100_21.1000_21.0900_21.0800_,312_244_1216_1556_732_
12:21:59,-,-,152126,21.1300_21.1400_21.1500_21.1600_21.1700_,487_804_1470_630_1004_,21.1200_21.1100_21.1000_21.0900_21.0800_,312_244_1216_1556_732_
12:23:59,-,-,152316,21.1300_21.1400_21.1500_21.1600_21.1700_,528_1142_1430_1039_1465_,21.1200_21.1100_21.1000_21.0900_21.0800_,281_148_858_728_1455_
12:24:54,-,-,152367,21.1300_21.1400_21.1500_21.1600_21.1700_,584_797_1761_1041_1467_,21.1200_21.1100_21.1000_21.0900_21.0800_,251_154_860_325_1470_
12:24:54,-,-,152367,21.1300_21.1400_21.1500_21.1600_21.1700_,584_797_1761_1041_1467_,21.1200_21.1100_21.1000_21.0900_21.0800_,251_154_860_325_1470_
12:26:54,21.1100,1,152810,21.1200_21.1300_21.1400_21.1500_21.1600_,56_1347_937_1218_1436_,21.1100_21.1000_21.0900_21.0800_21.0700_,132_1066_316_1209_640_
12:26:54,21.1100,1,152810,21.1200_21.1300_21.1400_21.1500_21.1600_,56_1347_937_1218_1436_,21.1100_21.1000_21.0900_21.0800_21.0700_,132_1066_316_1209_640_
12:28:54,21.1200,1,153173,21.1200_21.1300_21.1400_21.1500_21.1600_,72_985_1122_1221_1686_,21.1100_21.1000_21.0900_21.0800_21.0700_,49_984_314_714_1150_
12:29:59,-,-,153278,21.1200_21.1300_21.1400_21.1500_21.1600_,119_1028_792_1565_1435_,21.1100_21.1000_21.0900_21.0800_21.0700_,106_1118_312_723_1755_
12:30:54,-,-,153495,21.1200_21.1300_21.1400_21.1500_21.1600_,28_1007_1133_1238_1480_,21.1100_21.1000_21.0900_21.0800_21.0700_,124_1017_311_720_1426_
12:29:59,-,-,153278,21.1200_21.1300_21.1400_21.1500_21.1600_,119_1028_792_1565_1435_,21.1100_21.1000_21.0900_21.0800_21.0700_,106_1118_312_723_1755_
12:32:54,-,-,153693,21.1200_21.1300_21.1400_21.1500_21.1600_,704_990_1173_1671_1740_,21.1100_21.1000_21.0900_21.0800_21.0700_,73_903_223_452_1117_
12:32:54,-,-,153693,21.1200_21.1300_21.1400_21.1500_21.1600_,704_990_1173_1671_1740_,21.1100_21.1000_21.0900_21.0800_21.0700_,73_903_223_452_1117_
12:34:58,-,-,153910,21.1100_21.1200_21.1300_21.1400_21.1500_,149_1504_2145_1678_1255_,21.1000_21.0900_21.0800_21.0700_21.0600_,914_125_341_209_217_
12:35:59,-,-,154881,21.1000_21.1100_21.1200_21.1300_21.1400_,447_487_1824_1601_1045_,21.0900_21.0800_21.0700_21.0600_21.0500_,49_221_80_205_292_
12:35:59,-,-,154881,21.1000_21.1100_21.1200_21.1300_21.1400_,447_487_1824_1601_1045_,21.0900_21.0800_21.0700_21.0600_21.0500_,49_221_80_205_292_
12:37:59,21.1000,1,155121,21.1000_21.1100_21.1200_21.1300_21.1400_,165_135_1927_2430_1032_,21.0900_21.0800_21.0700_21.0600_21.0500_,242_252_199_205_755_
12:38:59,-,-,155300,21.1000_21.1100_21.1200_21.1300_21.1400_,242_178_1190_2774_1031_,21.0900_21.0800_21.0700_21.0600_21.0500_,116_256_234_206_1092_
12:38:59,-,-,155300,21.1000_21.1100_21.1200_21.1300_21.1400_,242_178_1190_2774_1031_,21.0900_21.0800_21.0700_21.0600_21.0500_,116_256_234_206_1092_
12:39:58,-,-,155435,21.1000_21.1100_21.1200_21.1300_21.1400_,355_518_895_2120_1309_,21.0900_21.0800_21.0700_21.0600_21.0500_,67_245_231_215_761_
12:40:54,21.0800,5,155619,21.0900_21.1000_21.1100_21.1200_21.1300_,221_304_248_892_2449_,21.0800_21.0700_21.0600_21.0500_21.0400_,310_233_249_1649_970_
12:42:58,-,-,156157,21.1000_21.1100_21.1200_21.1300_21.1400_,691_1093_1684_2091_1077_,21.0900_21.0800_21.0700_21.0600_21.0500_,22_223_183_271_761_
12:42:58,-,-,156157,21.1000_21.1100_21.1200_21.1300_21.1400_,691_1093_1684_2091_1077_,21.0900_21.0800_21.0700_21.0600_21.0500_,22_223_183_271_761_
12:44:54,-,-,156337,21.0900_21.1000_21.1100_21.1200_21.1300_,94_729_2227_1898_1488_,21.0800_21.0700_21.0600_21.0500_21.0400_,239_136_262_435_738_
12:44:54,-,-,156337,21.0900_21.1000_21.1100_21.1200_21.1300_,94_729_2227_1898_1488_,21.0800_21.0700_21.0600_21.0500_21.0400_,239_136_262_435_738_
12:46:54,-,-,156819,21.0700_21.0800_21.0900_21.1000_21.1100_,644_1168_1962_1852_1122_,21.0600_21.0500_21.0400_21.0300_21.0200_,109_272_54_130_245_
12:46:54,-,-,156819,21.0700_21.0800_21.0900_21.1000_21.1100_,644_1168_1962_1852_1122_,21.0600_21.0500_21.0400_21.0300_21.0200_,109_272_54_130_245_
12:48:54,-,-,157444,21.0400_21.0500_21.0600_21.0700_21.0800_,43_368_118_1085_1300_,21.0300_21.0200_21.0100_21.0000_20.9900_,44_207_256_1957_1741_
12:49:59,-,-,157588,21.0400_21.0500_21.0600_21.0700_21.0800_,69_386_110_682_1289_,21.0300_21.0200_21.0100_21.0000_20.9900_,50_209_272_1981_1815_
12:49:59,-,-,157588,21.0400_21.0500_21.0600_21.0700_21.0800_,69_386_110_682_1289_,21.0300_21.0200_21.0100_21.0000_20.9900_,50_209_272_1981_1815_
12:51:53,-,-,158126,21.0300_21.0400_21.0500_21.0600_21.0700_,31_16_444_1219_1167_,21.0200_21.0100_21.0000_20.9900_20.9800_,12_214_1234_1340_1469_
12:52:54,-,-,158207,21.0200_21.0300_21.0400_21.0500_21.0600_,49_49_64_1584_1313_,21.0100_21.0000_20.9900_20.9800_20.9700_,121_1234_671_1081_884_
12:53:54,-,-,158342,21.0300_21.0400_21.0500_21.0600_21.0700_,1282_1147_2273_787_289_,21.0200_21.0100_21.0000_20.9900_20.9800_,130_154_1182_590_352_
12:54:54,-,-,158541,21.0200_21.0300_21.0400_21.0500_21.0600_,373_1715_1617_1370_387_,21.0100_21.0000_20.9900_20.9800_20.9700_,245_1279_502_360_267_
12:55:54,-,-,158874,21.0200_21.0300_21.0400_21.0500_21.0600_,1055_1800_1403_1209_420_,21.0100_21.0000_20.9900_20.9800_20.9700_,33_1285_455_262_280_
12:56:54,-,-,159027,21.0200_21.0300_21.0400_21.0500_21.0600_,695_2056_1287_1087_421_,21.0100_21.0000_20.9900_20.9800_20.9700_,112_1335_458_374_287_
12:56:54,-,-,159027,21.0200_21.0300_21.0400_21.0500_21.0600_,695_2056_1287_1087_421_,21.0100_21.0000_20.9900_20.9800_20.9700_,112_1335_458_374_287_
12:58:54,-,-,160380,21.0100_21.0200_21.0300_21.0400_21.0500_,1144_1308_1465_696_561_,21.0000_20.9900_20.9800_20.9700_20.9600_,403_357_840_325_379_
12:59:59,-,-,160872,21.0000_21.0100_21.0200_21.0300_21.0400_,45_703_1498_1567_366_,20.9900_20.9800_20.9700_20.9600_20.9500_,428_991_135_394_1446_
13:00:54,-,-,161431,20.9900_21.0000_21.0100_21.0200_21.0300_,40_439_1368_1343_848_,20.9800_20.9700_20.9600_20.9500_20.9400_,361_140_1061_858_678_
13:00:54,-,-,161431,20.9900_21.0000_21.0100_21.0200_21.0300_,40_439_1368_1343_848_,20.9800_20.9700_20.9600_20.9500_20.9400_,361_140_1061_858_678_
13:02:49,-,-,162229,21.0000_21.0100_21.0200_21.0300_21.0400_,203_1084_1144_829_767_,20.9900_20.9800_20.9700_20.9600_20.9500_,50_98_190_1064_847_
13:02:49,-,-,162229,21.0000_21.0100_21.0200_21.0300_21.0400_,203_1084_1144_829_767_,20.9900_20.9800_20.9700_20.9600_20.9500_,50_98_190_1064_847_
13:04:54,-,-,162716,21.0000_21.0100_21.0200_21.0300_21.0400_,838_1048_926_825_877_,20.9900_20.9800_20.9700_20.9600_20.9500_,75_229_257_1074_869_
13:04:54,-,-,162716,21.0000_21.0100_21.0200_21.0300_21.0400_,838_1048_926_825_877_,20.9900_20.9800_20.9700_20.9600_20.9500_,75_229_257_1074_869_
13:06:54,-,-,163448,20.9800_20.9900_21.0000_21.0100_21.0200_,999_901_897_434_850_,20.9700_20.9600_20.9500_20.9400_20.9300_,291_983_772_152_482_
13:06:54,-,-,163448,20.9800_20.9900_21.0000_21.0100_21.0200_,999_901_897_434_850_,20.9700_20.9600_20.9500_20.9400_20.9300_,291_983_772_152_482_
13:07:59,-,-,164164,20.9800_20.9900_21.0000_21.0100_21.0200_,1126_919_1558_767_900_,20.9700_20.9600_20.9500_20.9400_20.9300_,10_1174_783_152_428_
13:08:54,-,-,165536,20.9600_20.9700_20.9800_20.9900_21.0000_,423_822_1308_1403_856_,20.9500_20.9400_20.9300_20.9200_20.9100_,773_154_324_422_391_
13:09:59,-,-,166772,20.9400_20.9500_20.9600_20.9700_20.9800_,13_950_1366_1309_781_,20.9300_20.9200_20.9100_20.9000_20.8900_,300_348_197_2204_354_
13:12:49,-,-,167972,20.9300_20.9400_20.9500_20.9600_20.9700_,871_1247_1306_1075_455_,20.9200_20.9100_20.9000_20.8900_20.8800_,250_238_2255_286_921_
13:14:54,-,-,168926,20.9300_20.9400_20.9500_20.9600_20.9700_,178_172_483_895_979_,20.9200_20.9100_20.9000_20.8900_20.8800_,183_415_2422_1012_946_
13:15:49,-,-,169335,20.9400_20.9500_20.9600_20.9700_20.9800_,160_35_460_1160_1015_,20.9300_20.9200_20.9100_20.9000_20.8900_,33_225_875_2957_568_
13:16:54,-,-,169597,20.9500_20.9600_20.9700_20.9800_20.9900_,106_15_456_511_1277_,20.9400_20.9300_20.9200_20.9100_20.9000_,90_487_791_1093_2837_
13:17:54,-,-,169863,20.9800_20.9900_21.0000_21.0100_21.0200_,725_450_1123_512_549_,20.9700_20.9600_20.9500_20.9400_20.9300_,37_57_60_457_198_
13:18:54,-,-,170535,20.9800_20.9900_21.0000_21.0100_21.0200_,778_506_1472_460_563_,20.9700_20.9600_20.9500_20.9400_20.9300_,68_55_160_98_216_
13:18:54,-,-,170535,20.9800_20.9900_21.0000_21.0100_21.0200_,778_506_1472_460_563_,20.9700_20.9600_20.9500_20.9400_20.9300_,68_55_160_98_216_
13:20:54,-,-,171236,20.9600_20.9700_20.9800_20.9900_21.0000_,389_99_453_836_1165_,20.9500_20.9400_20.9300_20.9200_20.9100_,222_98_131_324_1010_
13:20:54,-,-,171236,20.9600_20.9700_20.9800_20.9900_21.0000_,389_99_453_836_1165_,20.9500_20.9400_20.9300_20.9200_20.9100_,222_98_131_324_1010_
13:22:54,-,-,172180,20.9400_20.9500_20.9600_20.9700_20.9800_,663_459_1415_568_1085_,20.9300_20.9200_20.9100_20.9000_20.8900_,138_383_970_2887_128_
13:23:54,-,-,172629,20.9300_20.9400_20.9500_20.9600_20.9700_,366_998_915_621_938_,20.9200_20.9100_20.9000_20.8900_20.8800_,403_622_2967_549_540_
13:24:54,-,-,173379,20.9300_20.9400_20.9500_20.9600_20.9700_,534_791_918_930_992_,20.9200_20.9100_20.9000_20.8900_20.8800_,266_631_1901_676_1036_
13:25:56,-,-,173556,20.9200_20.9300_20.9400_20.9500_20.9600_,457_463_449_530_90_,20.9100_20.9000_20.8900_20.8800_20.8700_,708_1536_122_556_479_
13:26:57,-,-,173556,20.9200_20.9300_20.9400_20.9500_20.9600_,341_107_164_223_205_,20.9100_20.9000_20.8900_20.8800_20.8700_,787_1509_124_658_599_
13:26:57,-,-,173556,20.9200_20.9300_20.9400_20.9500_20.9600_,341_107_164_223_205_,20.9100_20.9000_20.8900_20.8800_20.8700_,787_1509_124_658_599_
13:28:57,-,-,173556,20.9300_20.9400_20.9500_20.9600_20.9700_,129_49_618_901_546_,20.9200_20.9100_20.9000_20.8900_20.8800_,321_805_1596_231_656_
